01	UTpBYprcDgM	https://www.youtube.com/watch?v=UTpBYprcDgM
02	UTpBYprcDgM	https://www.youtube.com/watch?v=UTpBYprcDgM
03	KFbXIo-5A0k	https://www.youtube.com/watch?v=KFbXIo-5A0k
04	s1Li2_3YBaY	https://www.youtube.com/watch?v=s1Li2_3YBaY
05	na9B42IYt7U	https://www.youtube.com/watch?v=na9B42IYt7U
06	LbltgIFqAw8	https://www.youtube.com/watch?v=LbltgIFqAw8
07	max8J9Geew4	https://www.youtube.com/watch?v=max8J9Geew4
08	dz_BUhZhjV4	https://www.youtube.com/watch?v=dz_BUhZhjV4
09	0PBmUx2niI4	https://www.youtube.com/watch?v=0PBmUx2niI4
10	r4uOJB_S3RM	https://www.youtube.com/watch?v=r4uOJB_S3RM
11	xTdEUChA4CI	https://www.youtube.com/watch?v=xTdEUChA4CI
12	hbrhYE-3BWY	https://www.youtube.com/watch?v=hbrhYE-3BWY
13	ixPDe9rxZoM	https://www.youtube.com/watch?v=ixPDe9rxZoM
14	lHCrft7lDZI	https://www.youtube.com/watch?v=lHCrft7lDZI
15	DnZOoSeJep0	https://www.youtube.com/watch?v=DnZOoSeJep0
16	qgoh3fEYZmI	https://www.youtube.com/watch?v=qgoh3fEYZmI
17	tGr3HSsKkrQ	https://www.youtube.com/watch?v=tGr3HSsKkrQ
18	OIreHNj552g	https://www.youtube.com/watch?v=OIreHNj552g
19	SVInhgQM94g	https://www.youtube.com/watch?v=SVInhgQM94g
20	DzJRgqe0Jnk	https://www.youtube.com/watch?v=DzJRgqe0Jnk
